<?xml version="1.0" encoding="utf-8"?>
<!DOCTYPE arboles>
<arboles>
    <arbol>
        <Nombre>Acer monspessulanum</Nombre>
        <Nombre_común>Arce de Montpellier, Arce menor</Nombre_común>
        <Vegetación>Caducifolio</Vegetación>
        <Altura> De 6 a 10 metros</Altura>
        <Forma_y_estructura> Copa esférica. Tronco principal recto con bifurcaciones. Ramaje colgante</Forma_y_estructura>
        <Color_en_primavera>Haz verde brillante, envés verde blanquecino</Color_en_primavera>
        <Resistencia_a_las_heladas>Heladas fuertes (hasta -15ºC)</Resistencia_a_las_heladas>
    </arbol>

    <arbol>
        <Nombre>Olea europea</Nombre>
        <Nombre_común>Olivo</Nombre_común>
        <Vegetación>Perenne</Vegetación>
        <Altura>De 8 a 15 metros</Altura>
        <Forma_y_estructura>Copa irregular. Tronco principal irregular con bifurcaciones.</Forma_y_estructura>
    </arbol>

    <arbol>
        <Nombre>Ramaje tortuoso</Nombre>
        <Color_en_primavera>Haz verde oscuro, envés verde plateado</Color_en_primavera>
        <Resistencia_a_las_heladas>Heladas medias (hasta -10ºC)</Resistencia_a_las_heladas>
    </arbol>

    <arbol>
        <Nombre>Platanus orientalis</Nombre>
        <Vegetación> Caducifolio</Vegetación>
        <Altura> De 20 a 25 metros</Altura>
        <Forma_y_estructura> Copa ovoidal. Tronco principal recto. Ramaje expandido</Forma_y_estructura>
        <Color_en_primavera> Haz verde medio, enves verde claro</Color_en_primavera>
        <Color_en_otoño> Ocre </Color_en_otoño>
        <Resistencia_a_las_heladas> Heladas fuertes (hasta -20ºC)</Resistencia_a_las_heladas>
    </arbol>

    <arbol>
        <Nombre>Quercus ilex</Nombre>
        <Nombre_común> Encina</Nombre_común>
        <Vegetación> Perenne</Vegetación>
        <Altura> En torno a 25 metros</Altura>
        <Forma_y_estructura> Copa esférica o elíptica irregular. Tronco principal recto. Ramaje tortuoso</Forma_y_estructura>
        <Color_en_primavera> Plateado en hojas jóvenes. En hojas antiguas, haz verde oscuro, envés plateado</Color_en_primavera>
        <Resistencia_a_las_heladas> Heladas fuertes (hasta -15ºC)</Resistencia_a_las_heladas> 
    </arbol>

</arboles>



    
    



