<?xml version="1.0" encoding="utf-8"?>
<!DOCTYPE mensaje>
<mensaje>
    <remite>
        <nombre>Alfredo Reino</nombre>
        <email>alf@ibium.com</email>
    </remite>

    <destinatario>
        <nombre>Bill Clinton</nombre>
        <email>president@whitehouse.gov</email>
    </destinatario>

    <asunto>:Hola Bill</asunto>
    <texto>
        <parrafo>¿Hola qué tal?</parrafo>
        <parrafo>Hace mucho tiempo que no escribes. A ver si llamas y quedamos pronto.</parrafo>
        <parrafo>Un saludo.</parrafo>
    </texto>
</mensaje>

